id,active,status,boss_id,boss_path,boss_history,gender,date_of_initiation,title,first_name,middle_initials,last_name,StreetAddress,City,State,ZipCode,Country,CountryFull,EmailAddress,Username,Password,TelephoneNumber,MothersMaiden,Birthday,CCType,CCNumber,CVV2,CCExpires,NationalID,UPS,Color,Occupation,Company,Vehicle,Domain,BloodType,Pounds,Kilograms,FeetInches,Centimeters,GUID,Latitude,Longitude
1,1,active,-1,/1/,/,male,01/01/60,Mr.,Danilo,M,Mazzanti,394 Douglas Dairy Road,Kingsport,VA,37663,US,United States,DaniloMazzanti@rhyta.com,Purpoer,bus8pi4Xeij,276-613-3579,Colombo,10/02/29,Visa,4.92E+15,236,Sep-18,225-56-6119,1Z 51W 554 56 8562 799 7,Green,Agronomist,Integra Wealth,2011 Lincoln Town Car,LifeInsuranceFunds.com,A+,191.4,87,"5' 7""",171,3be99fd4-c165-4a31-ac30-c359f3c77da3,36.484035,-82.444543
2,1,active,-1,/2/,/,male,01/01/61,Mr.,Saverio,N,Ferri,4337 Randolph Street,Bridgewater,MA,2324,US,United States,SaverioFerri@einrot.com,Nothead,yu5iJeic,508-697-8544,Manfrin,9/24/1958,Visa,4.93E+15,117,Dec-18,021-60-5795,1Z 624 E91 11 9962 947 0,Black,Photogrammetrist,Ideal Garden Management,1996 Vauxhall Astra,RankCanada.com,AB+,243.8,110.8,"5' 10""",179,cebc69b2-bc02-488e-a2ee-2111b771a551,42.056227,-70.96483
3,1,active,1,/1/3/,/1/,male,01/01/62,Mr.,Simone,G,Endrizzi,3183 Sharon Lane,Rochester,IN,46975,US,United States,SimoneEndrizzi@gustr.com,Abot1974,Thaujie4eev,574-224-7548,Beneventi,8/24/1974,Visa,4.49E+15,157,Jul-17,309-74-1966,1Z 707 9E6 42 6170 423 8,Orange,Geotechnical engineer,Superior Interactive,2005 Alpina Roadster,TuneBurner.com,A+,190.1,86.4,"5' 6""",168,abfe170b-2d0f-4be3-98f9-8565f17ea626,41.09584,-86.339703
4,1,active,2,/2/4/,/2/,male,01/01/63,Mr.,Quintino,G,Palermo,746 Bingamon Branch Road,Wheeling,IL,60090,US,United States,QuintinoPalermo@superrito.com,Aguacce,Isoo2udee0b,847-243-7726,Loggia,06/11/65,MasterCard,5.17E+15,955,Aug-15,348-80-8026,1Z 17V 892 70 9439 058 0,Green,Administrative office assistant,Edge Yard Service,2008 Opel Frontera,FuelMenu.com,B+,245.1,111.4,"5' 9""",174,134b84f9-365e-49f7-99e3-ac098ed533af,42.102847,-87.827485
5,1,active,2,/2/5/,/2/,male,01/01/64,Mr.,Salvo,B,Padovesi,4393 Clark Street,New York,NY,10004,US,United States,SalvoPadovesi@jourrapide.com,Whiseed,ait2zoo7Ah,631-228-7010,Fallaci,04/04/81,MasterCard,5.48E+15,549,Nov-17,070-18-7173,1Z 52W 547 35 2450 344 4,Blue,Computer systems administrator,Brooks Fashions,1999 Kia Clarus,SharperDiscounts.com,O+,217.8,99,"5' 10""",179,d4447001-548c-45fa-ad82-5086f56258fd,40.705926,-73.937802
6,1,active,1,/1/6/,/1/,male,01/01/65,Mr.,Alfonsino,V,Lucchese,1786 Melm Street,Woonsocket,RI,2895,US,United States,AlfonsinoLucchese@dayrep.com,Onsed1914,Aijoo1ee,401-235-3224,Lombardi,10/15/1914,Visa,4.93E+15,411,Sep-17,036-22-0716,1Z 028 973 25 5173 666 6,Orange,Yardmaster,Kids Mart,1992 Ford Fiesta,ScrapWorm.com,B+,174.2,79.2,"6' 0""",182,37fd4310-ee21-4f86-b8d2-2f16362aee1a,42.043551,-71.474278
7,1,active,2,/2/7/,/2/,male,01/01/66,Mr.,Elvio,V,Sabbatini,4922 Pearlman Avenue,Boston,MA,2110,US,United States,ElvioSabbatini@fleckens.hu,Keircolty,Laixaucai4Qu,978-223-9978,Russo,4/23/1994,MasterCard,5.29E+15,992,Nov-19,014-09-4175,1Z 874 985 61 0032 833 5,Green,Sheriff,Foot Quarters,2003 SsangYong Korando,RefinancingSearch.com,O+,207,94.1,"5' 9""",176,0b560b6a-4eb4-426c-be93-94f26a434732,42.380894,-71.014225
8,1,active,1,/1/8/,/1/,male,01/01/67,Mr.,Bonifacio,N,Arcuri,309 Tipple Road,Philadelphia,PA,19146,US,United States,BonifacioArcuri@dayrep.com,Therstrons71,aelai6Ioyei,215-731-6339,Gallo,9/16/1971,Visa,4.54E+15,21,Sep-18,208-38-5501,1Z 822 6W5 97 8001 698 9,Blue,First responder,Twin Electronics,1992 Buick LeSabre,PoliticalCompany.com,O+,231.7,105.3,"5' 7""",170,98d36ba0-8615-4280-93dd-0228c277e69a,39.995083,-75.13229
9,1,active,3,/1/3/9/,/3/,male,01/01/68,Mr.,Nunzio,A,Marchesi,237 Late Avenue,Stillwater,OK,74074,US,United States,NunzioMarchesi@teleworm.us,Mospe1943,aevooCu7ah,580-790-1946,Greece,5/30/1943,MasterCard,5.53E+15,796,Jul-16,443-72-9279,1Z 841 106 04 7516 667 5,Green,Composing machine tender,Pantry Food Stores,1995 Buick Park Avenue,SpyAnalyst.com,B+,134.4,61.1,"6' 0""",182,73c8e19f-124b-47f0-8178-847bafe92b90,36.129686,-97.017693
10,1,active,3,/1/3/10/,/3/,male,01/01/69,Mr.,Giacobbe,B,Milanesi,,,,,,,,,,,,,,,,,,,,,,,,,,,,,,,
11,1,active,4,/2/4/11/,/4/,male,01/01/70,Mr.,Bellino,G,Greco,4194 Junior Avenue,Atlanta,GA,30315,US,United States,BellinoGreco@jourrapide.com,Thaddy,EKah7ahNg,404-624-7931,Calabrese,9/24/1945,MasterCard,5.17E+15,120,Apr-18,670-12-3519,1Z 050 W01 38 3715 844 7,Red,Nuclear power reactor operator,Farrell's Ice Cream Parlour,2003 Alfa Romeo 147,LinkBackground.com,B+,218.5,99.3,"5' 10""",179,625d4c65-558f-4f6f-bf3b-f786dbf03aff,33.626029,-84.366859
12,1,active,9,/1/3/9/12/,/9/,male,01/01/71,Mr.,Viviano,L,Pisano,2722 Viking Drive,Caldwell,OH,43724,US,United States,VivianoPisano@dayrep.com,Trablinever,ohz8eh3Oo,740-732-5831,Lo Duca,11/02/90,MasterCard,5.15E+15,608,Mar-19,272-07-2364,1Z 235 366 43 7067 895 7,Blue,Cost accountant,,1993 Fiat Punto,ProvidenceAutomobile.com,B+,236.3,107.4,"5' 10""",179,d028533b-250f-437b-8fe1-0562d6ec57ff,39.770474,-81.511425
13,1,active,10,/1/3/10/13/,/10/,male,01/01/72,Mr.,Gherardo,G,Fiorentini,,,,,,,,,,,,,,,,,,,,,,,,,,,,,,,
14,1,active,10,/1/3/10/14/,/10/,male,01/01/73,Mr.,Giacinto,P,Genovesi,,,,,,,,,,,,,,,,,,,,,,,,,,,,,,,
15,1,active,11,/2/4/11/15/,/11/,male,01/01/74,Mr.,Guerrino,E,Fiorentino,4413 Lee Avenue,Princeton,NJ,8540,US,United States,GuerrinoFiorentino@einrot.com,Caushe,cohxa1Eed,856-381-5221,Romano,3/18/1928,Visa,4.93E+15,768,Jul-16,136-42-3753,1Z Y97 015 92 8573 141 8,Black,Camp counselor,Roadhouse Grill,2000 Citroen C5,FTPChat.com,A+,134.4,61.1,"5' 8""",172,141e78ee-0735-4086-b1f8-8236688ec11a,40.462109,-74.736878
